Christopher,Peters,60,Newca Loop,Heejimo,NC,93122
Mabel,Davis,31,Ugic Park,Facevuj,MI,51948
Andrew,Hardy,55,Erza Pike,Oteikpek,OR,16253
Willie,Tyler,40,Toche Key,Volitija,FL,97806
Martin,Paul,45,Erubi Court,Pidmuar,MI,81589
Matthew,Page,52,Koeva Pike,Seasigum,MD,33111
Ella,Ortiz,44,Takipu Pass,Rehuvot,VT,58953
Kate,Garcia,50,Lebak Mill,Piebiba,LA,77587
Brian,Vega,40,Dofis Square,Emsufo,MO,96467
Inez,McKinney,30,Revba Trail,Tovuan,IN,84766
Isabelle,Wilkerson,65,Fifpo Grove,Efemuot,AR,72944
Timothy,Fleming,32,Mazuw Ridge,Kiaswus,RI,94482
Lettie,Vasquez,38,Buuf Road,Muezgib,TX,53167
Georgia,Fowler,63,Ezkiw Avenue,Duwsodcaj,KS,89600
Herman,Keller,37,Torov Park,Abiredok,CA,52061
Tillie,Lucas,46,Zuhmo Trail,Nefnizho,MO,19045
Cordelia,Reynolds,49,Beskid View,Ihaberi,NV,3964
Mildred,Harvey,42,Emiho Plaza,Zatufov,NE,4423
Warren,Ortiz,25,Rurlog Grove,Najpele,MI,70630
Howard,Leonard,41,Saud Glen,Dicsacom,PA,99900
Manuel,Ford,44,Nobam Manor,Ovigigat,NY,48867
Jonathan,Christensen,63,Rimra Extension,Efepirpuj,TX,84960
Gary,Keller,57,Suib Road,Reheces,NE,17559
Dorothy,Klein,34,Saso Street,Vabewinu,SD,75925
Manuel,Rhodes,53,Gisce Heights,Azfuer,LA,79629
Thomas,McCarthy,58,Poaz Heights,Atewuve,DC,17809
Dollie,Garcia,44,Oleko Junction,Rajolva,TX,279
Lillie,Shaw,65,Zape Ridge,Uncefap,IA,79330
Bettie,Holland,48,Loduz Highway,Zodoci,KY,73065
Blanche,Pratt,59,Obgev Ridge,Kozibug,CT,93028
Alvin,Payne,37,Jeked Boulevard,Oguvigtiw,IN,47452
Lula,Davidson,64,Cahuf Lane,Cebuima,CA,75021
Catherine,Jordan,19,Juaro Plaza,Ijliuj,RI,35809
Mae,Goodman,21,Huini Drive,Omiveze,KS,18256
Irene,Hardy,37,Kevza Place,Ticpipza,AL,96489
David,Franklin,48,Kadva Park,Ejufegdan,IA,4454
Leila,Goodman,37,Bowuw Circle,Zezpegzut,OR,69900
Henrietta,Wilkerson,50,Jimfi Boulevard,Savottag,CO,96712
Edwin,Spencer,38,Ezuwus Point,Kugwuela,WI,74141
Beulah,Cole,58,Selug Way,Ravarfe,IL,38846
Derek,Obrien,32,Javok Drive,Hatano,IN,83049
Adeline,Armstrong,60,Orhu Boulevard,Udupulbe,MS,50662
Janie,Hodges,45,Duzjik River,Asitaner,VT,83772
Joel,Morton,21,Jenjiw Glen,Rosubago,WA,2361
Amelia,Stewart,58,Dunbod Trail,Gisokse,PA,38475
Seth,Hudson,32,Rakbu Street,Vekidnu,AR,2370
Marie,Williams,25,Zahi Circle,Mialapej,UT,10531
Adele,Potter,40,Hase Boulevard,Adwise,CT,94766
Sarah,Haynes,18,Uphin Avenue,Likojgu,CA,99364
Sue,Huff,56,Zaoka Circle,Zarbudiz,TN,18689
Jim,Lyons,43,Ponef Street,Dojgocgun,DC,87719
Mildred,Jennings,55,Narnev Circle,Jomkonuc,SC,95546
Lottie,Castillo,55,Imeat Park,Veceef,HI,20041
Oscar,Hill,45,Pujat Parkway,Ozgokva,MA,50613
